{"last_timestamp": 1780904981.433772, "symbols_processed": [], "last_fetch": "2026-06-08T14:49:41.433783", "total_trades_cached": 127}